{"cameraMode":{"drawMode":0,"name":"Shaded","section":"Shading Mode"},"sceneLighting":true,"audioPlay":false,"sceneViewState":{"m_AlwaysRefresh":false,"showFog":true,"showSkybox":true,"showFlares":true,"showImageEffects":true,"showParticleSystems":true,"showVisualEffectGraphs":true,"m_FxEnabled":true},"in2DMode":false,"pivot":{"x":111.61980438232422,"y":20.124942779541017,"z":152.64483642578126},"rotation":{"x":-0.11018335074186325,"y":0.14497129619121552,"z":-0.016220668330788614,"w":-0.9831774830818176},"size":2.8160829544067385,"orthographic":false}